"msg_117","transaksi gagal tapi duit udh kepotong bangsat"
"msg_355","akun di suspend tiba2 padahal baru top up 1jt"
"msg_301","fitur cicilan 0% masih ada ga min?"
"msg_516","limit transfer gopay berapa sih maksimal"
"msg_331","min request fitur split bill dong"
"msg_184","transaksi gagal tapi duit udh kepotong bangsat"
"msg_378","AKUN SUSPEND TANPA ALASAN JELAS TOLONG!!!"
"msg_008","GOBLOK LU APLIKASI BANGSATT!!!!!!"
"msg_480","aplikasi sering error kecewa bgt"
"msg_415","URGENT BANGET NIH TRANSAKSI NYANGKUT 4JT"
"msg_239","bisa ga top up pake virtual account"
"msg_049","top up gagal tapi rekening kepotong tai"
"msg_045","anj nih gpey error mulu refund kapan masuk kontol"
"msg_405","URGENT!!! saldo 3jt ga bisa dipake akun error"
"msg_292","bisa ga top up pake virtual account"
"msg_103","transaksi gagal tapi duit udh kepotong bangsat"
"msg_403","uang nyangkut 1.5jt transaksi gagal urgent min"
"msg_222","bisa ga sih naikin limit gw"
"msg_264","cara cancel transaksi pending gimana"
"msg_164","SALDO GW KEPOTONG ANJING!!!! REFUND KAPAN???....."
"msg_372","URGENT!!! saldo 3jt ga bisa dipake akun error"
"msg_499","aplikasi sering error kecewa bgt!!!!!"
"msg_178","top up gagal tapi rekening kepotong tai"
"msg_329","  kalo mau upgrade limit harus gimana  "
"msg_240","min mau tanya limit gopaylater kok ga naik2 ya"
"msg_243","limit transfer gopay berapa sih maksimal"
"msg_207","cara top up gopay gimana sih"
"msg_077","top up gagal tapi rekening kepotong tai"
"msg_274","  fitur cicilan 0% masih ada ga min?  "
"msg_521","  transaksi gagal tapi duit udh kepotong bangsat  "
"msg_482","  aplikasi sering error kecewa bgt  "
"msg_252","  min request fitur split bill dong  "
"msg_407","URGENT!!! saldo 3jt ga bisa dipake akun error"
"msg_216","cara top up gopay gimana sih"
"msg_246","min mau tanya limit gopaylater kok ga naik2 ya"
"msg_104","GOBLOK LU APLIKASI BANGSATT!!!!!!!!!!!"
"msg_437","urgent banget nih transaksi nyangkut 4jt"
"msg_265","bisa ga top up pake virtual account"
"msg_083","  SALDO GW KEPOTONG ANJING!!!! REFUND KAPAN???  "
"msg_138","anj nih gpey error mulu refund kapan masuk kontol üò°"
"msg_251","  min mau tanya limit gopaylater kok ga naik2 ya  "
"msg_023","  transaksi gagal tapi duit udh kepotong bangsat  "
"msg_410","  tolong akun gw di banned ga bisa login urgent  "
"msg_017","SALDO GW KEPOTONG ANJING!!!! REFUND KAPAN???"
"msg_110","transaksi pending terus uang nyangkut bangsat....."
"msg_511","saldo ilang 500rb ga ada notif apa2 tolol"
"msg_468","top up cepet banget makasih gopay"
"msg_460","thanks min udh dibantu refund nya masuk"
"msg_418","AKUN KENA SUSPEND UANG DALEM NYA GIMANA"
"msg_254","MIN REQUEST FITUR SPLIT BILL DONG"
"msg_002","saldo ilang 500rb ga ada notif apa2 tolol???"
"msg_359","tolong akun gw di banned ga bisa login urgent"
"msg_323","gopay sama ovo bagusan mana ya!!!"
"msg_198","REFUND GW MANA KONTOL UDAH SEMINGGU"
"msg_502","akun di suspend tiba2 padahal baru top up 1jt"
"msg_305","fitur cicilan 0% masih ada ga min?"
"msg_376","tolong akun gw di banned ga bisa login urgent"
"msg_107","top up gagal tapi rekening kepotong tai ‚ÅâÔ∏è"
"msg_192","anj nih gpey error mulu refund kapan masuk kontol"
"msg_183","GOBLOK LU APLIKASI BANGSATT!!!!!!"
"msg_006","transaksi gagal tapi duit udh kepotong bangsat??????"
"msg_063","anj nih gpey error mulu refund kapan masuk kontol"
"msg_417","  uang nyangkut 1.5jt transaksi gagal urgent min  "
"msg_188","top up gagal tapi rekening kepotong tai"
"msg_163","anj nih gpey error mulu refund kapan masuk kontol"
"msg_072","anj nih gpey error mulu refund kapan masuk kontol"
"msg_350","kalo mau upgrade limit harus gimana"
"msg_299","cara top up gopay gimana sih!!!!!"
"msg_200","saldo ilang 500rb ga ada notif apa2 tolol"
"msg_520","min request fitur split bill dong"
"msg_357","uang nyangkut 1.5jt transaksi gagal urgent min"
"msg_432","AKUN GW SUSPEND PADAHAL GA NGAPA2IN!!!"
"msg_066","udh 3 hari refund ga masuk2 brengsek"
"msg_413","AKUN KENA SUSPEND UANG DALEM NYA GIMANA"
"msg_527","cara top up gopay gimana sih"
"msg_064","REFUND GW MANA KONTOL UDAH SEMINGGU"
"msg_185","udh 3 hari refund ga masuk2 brengsek"
"msg_009","REFUND GW MANA KONTOL UDAH SEMINGGU"
"msg_332","bisa ga top up pake virtual account??????"
"msg_268","cara top up gopay gimana sih"
"msg_364","akun di suspend tiba2 padahal baru top up 1jt"
"msg_517","udh 3 hari refund ga masuk2 brengsek"
"msg_452","aplikasi makin lama makin jelek aja"
"msg_242","min request fitur split bill dong"
"msg_122","top up gagal tapi rekening kepotong tai"
"msg_173","REFUND GW MANA KONTOL UDAH SEMINGGU"
"msg_471","top up cepet banget makasih gopay"
"msg_201","bisa ga top up pake virtual account"
"msg_068","saldo tiba2 berkurang sendiri aplikasi sampah"
"msg_277","bisa ga top up pake virtual account"
"msg_392","akun di suspend tiba2 padahal baru top up 1jt"
"msg_447","uang nyangkut 1.5jt transaksi gagal urgent min"
"msg_028","udh 3 hari refund ga masuk2 brengsek....."
"msg_423","URGENT!!! saldo 3jt ga bisa dipake akun error"
"msg_003","transaksi gagal tapi duit udh kepotong bangsat"
"msg_120","saldo tiba2 berkurang sendiri aplikasi sampah??????"
"msg_001","  transaksi gagal tapi duit udh kepotong bangsat  "
"msg_318","min mau tanya limit gopaylater kok ga naik2 ya"
"msg_196","udh 3 hari refund ga masuk2 brengsek"
"msg_396","urgent banget nih transaksi nyangkut 4jt"
"msg_316","  kalo mau upgrade limit harus gimana  "
"msg_279","  gopay sama ovo bagusan mana ya  "
"msg_248","cara cancel transaksi pending gimana"
"msg_154","anj nih gpey error mulu refund kapan masuk kontol"
"msg_458","aplikasi sering error kecewa bgt???"
"msg_496","thanks min udh dibantu refund nya masuk"
"msg_205","fitur cicilan 0% masih ada ga min?"
"msg_018","  REFUND GW MANA KONTOL UDAH SEMINGGU  "
"msg_019","  top up gagal tapi rekening kepotong tai  "
"msg_532","REFUND GW MANA KONTOL UDAH SEMINGGU"
"msg_461","APLIKASI MAKIN LAMA MAKIN JELEK AJA"
"msg_084","SALDO GW KEPOTONG ANJING!!!! REFUND KAPAN???!!!"
"msg_092","top up gagal tapi rekening kepotong tai"
"msg_152","anj nih gpey error mulu refund kapan masuk kontol"
"msg_013","udh 3 hari refund ga masuk2 brengsek ü§¨"
"msg_404","uang nyangkut 1.5jt transaksi gagal urgent min"
"msg_416","  uang nyangkut 1.5jt transaksi gagal urgent min  "
"msg_300","cara cancel transaksi pending gimana"
"msg_123","saldo tiba2 berkurang sendiri aplikasi sampah"
"msg_473","disappointed with the service lately"
"msg_366","uang nyangkut 1.5jt transaksi gagal urgent min"
"msg_031","anj nih gpey error mulu refund kapan masuk kontol"
"msg_048","top up gagal tapi rekening kepotong tai"
"msg_148","saldo ilang 500rb ga ada notif apa2 tolol!!!!!"
"msg_051","REFUND GW MANA KONTOL UDAH SEMINGGU"
"msg_128","saldo tiba2 berkurang sendiri aplikasi sampah"
"msg_508","transaksi gagal tapi duit udh kepotong bangsat"
"msg_007","  saldo tiba2 berkurang sendiri aplikasi sampah  "
"msg_352","akun di suspend tiba2 padahal baru top up 1jt"
"msg_303","  min mau tanya limit gopaylater kok ga naik2 ya  "
"msg_411","uang nyangkut 1.5jt transaksi gagal urgent min"
"msg_211","min mau tanya limit gopaylater kok ga naik2 ya"
"msg_112","saldo tiba2 berkurang sendiri aplikasi sampah"
"msg_477","terima kasih sudah membantu menyelesaikan masalah saya"
"msg_322","cara cancel transaksi pending gimana"
"msg_490","APLIKASI MAKIN LAMA MAKIN JELEK AJA"
"msg_070","transaksi gagal tapi duit udh kepotong bangsat"
"msg_151","transaksi gagal tapi duit udh kepotong bangsat"
"msg_436","AKUN KENA SUSPEND UANG DALEM NYA GIMANA!!!"
"msg_345","  cara cancel transaksi pending gimana  "
"msg_276","bisa ga top up pake virtual account"
"msg_133","udh 3 hari refund ga masuk2 brengsek ‚ÅâÔ∏è"
"msg_258","  cara cancel transaksi pending gimana  "
"msg_142","saldo ilang 500rb ga ada notif apa2 tolol"
"msg_524","fitur cicilan 0% masih ada ga min???????"
"msg_124","saldo ilang 500rb ga ada notif apa2 tolol....."
"msg_478","  so far so good pake gopay enak  "
"msg_422","AKUN SUSPEND TANPA ALASAN JELAS TOLONG!!!"
"msg_381","uang nyangkut 1.5jt transaksi gagal urgent min"
"msg_052","SALDO GW KEPOTONG ANJING!!!! REFUND KAPAN???"
"msg_515","  transaksi gagal tapi duit udh kepotong bangsat  "
"msg_108","saldo ilang 500rb ga ada notif apa2 tolol"
"msg_136","  REFUND GW MANA KONTOL UDAH SEMINGGU  "
"msg_129","  transaksi gagal tapi duit udh kepotong bangsat  "
"msg_535","SALDO GW KEPOTONG ANJING!!!! REFUND KAPAN???"
"msg_245","kalo mau upgrade limit harus gimana"
"msg_119","GOBLOK LU APLIKASI BANGSATT!!!!!!"
"msg_444","URGENT!!! saldo 3jt ga bisa dipake akun error"
"msg_310","fitur cicilan 0% masih ada ga min?"
"msg_095","udh 3 hari refund ga masuk2 brengsek"
"msg_261","min mau tanya limit gopaylater kok ga naik2 ya"
"msg_553","???"
"msg_530","cara cancel transaksi pending gimana"
"msg_388","uang gw nyangkut 2jt tolong banget urgent"
"msg_472","aplikasi sering error kecewa bgt"
"msg_060","saldo ilang 500rb ga ada notif apa2 tolol"
"msg_501","REFUND GW MANA KONTOL UDAH SEMINGGU"
"msg_406","tolong akun gw di banned ga bisa login urgent"
"msg_529","transaksi gagal tapi duit udh kepotong bangsat"
"msg_548","excuse me, i wanna ask bout my tokped order"
"msg_061","REFUND GW MANA KONTOL UDAH SEMINGGU"
"msg_526","bisa ga top up pake virtual account"
"msg_106","SALDO GW KEPOTONG ANJING!!!! REFUND KAPAN???!!!"
"msg_012","anj nih gpey error mulu refund kapan masuk kontol"
"msg_401","akun di suspend tiba2 padahal baru top up 1jt"
"msg_043","top up gagal tapi rekening kepotong tai"
"msg_543","mau tanya dong"
"msg_202","fitur cicilan 0% masih ada ga min?"
"msg_427","akun di suspend tiba2 padahal baru top up 1jt"
"msg_194","SALDO GW KEPOTONG ANJING!!!! REFUND KAPAN???"
"msg_223","cara cancel transaksi pending gimana"
"msg_228","kalo mau upgrade limit harus gimana....."
"msg_229","gopay sama ovo bagusan mana ya"
"msg_507","min request fitur split bill dong"
"msg_336","bisa ga top up pake virtual account"
"msg_275","kalo mau upgrade limit harus gimana"
"msg_369","uang nyangkut 1.5jt transaksi gagal urgent min"
"msg_212","cara top up gopay gimana sih"
"msg_139","REFUND GW MANA KONTOL UDAH SEMINGGU....."
"msg_555","EXCUSE ME"
"msg_429","uang gw nyangkut 2jt tolong banget urgent"
"msg_326","cara top up gopay gimana sih"
"msg_293","MIN REQUEST FITUR SPLIT BILL DONG"
"msg_313","limit transfer gopay berapa sih maksimal"
"msg_456","top up cepet banget makasih gopay"
"msg_058","anj nih gpey error mulu refund kapan masuk kontol"
"msg_050","transaksi pending terus uang nyangkut bangsat"
"msg_347","bisa ga top up pake virtual account"
"msg_479","  terima kasih sudah membantu menyelesaikan masalah saya  "
"msg_354","  uang nyangkut 1.5jt transaksi gagal urgent min  "
"msg_408","transaksi 5jt pending udh 2 hari urgent banget"
"msg_528","anj nih gpey error mulu refund kapan masuk kontol"
"msg_266","cara cancel transaksi pending gimana"
"msg_344","kalo mau upgrade limit harus gimana"
"msg_005","  top up gagal tapi rekening kepotong tai  "
"msg_462","pelayanan mengecewakan sekali"
"msg_467","aplikasi sering error kecewa bgt"
"msg_394","transaksi 5jt pending udh 2 hari urgent banget"
"msg_217","cara cancel transaksi pending gimana"
"msg_483","kecewa banget sama pelayanan gopay"
"msg_402","urgent banget nih transaksi nyangkut 4jt"
"msg_135","saldo tiba2 berkurang sendiri aplikasi sampah"
"msg_454","aplikasi makin lama makin jelek aja"
"msg_442","uang nyangkut 1.5jt transaksi gagal urgent min"
"msg_419","  AKUN KENA SUSPEND UANG DALEM NYA GIMANA  "
"msg_327","cara top up gopay gimana sih"
"msg_278","gopay sama ovo bagusan mana ya"
"msg_033","saldo ilang 500rb ga ada notif apa2 tolol"
"msg_209","cara cancel transaksi pending gimana"
"msg_386","AKUN KENA SUSPEND UANG DALEM NYA GIMANA"
"msg_341","cara top up gopay gimana sih!!!!!"
"msg_280","  gopay sama ovo bagusan mana ya  "
"msg_281","min request fitur split bill dong"
"msg_144","  SALDO GW KEPOTONG ANJING!!!! REFUND KAPAN???  "
"msg_541","ASDFGHJKL"
"msg_283","gopay sama ovo bagusan mana ya"
"msg_374","  AKUN SUSPEND TANPA ALASAN JELAS TOLONG!!!  "
"msg_153","udh 3 hari refund ga masuk2 brengsek"
"msg_256","min request fitur split bill dong ‚ÅâÔ∏è"
"msg_101","  REFUND GW MANA KONTOL UDAH SEMINGGU  "
"msg_314","cara top up gopay gimana sih"
"msg_379","AKUN GW SUSPEND PADAHAL GA NGAPA2IN!!!....."
"msg_389","uang gw nyangkut 2jt tolong banget urgent"
"msg_487","disappointed with the service lately"
"msg_385","urgent banget nih transaksi nyangkut 4jt"
"msg_235","  min request fitur split bill dong  "
"msg_373","uang nyangkut 1.5jt transaksi gagal urgent min ‚ÅâÔ∏è"
"msg_170","GOBLOK LU APLIKASI BANGSATT!!!!!!???"
"msg_150","  REFUND GW MANA KONTOL UDAH SEMINGGU  "
"msg_375","UANG GW NYANGKUT 2JT TOLONG BANGET URGENT"
"msg_086","GOBLOK LU APLIKASI BANGSATT!!!!!! ‚ÅâÔ∏è"
"msg_353","urgent banget nih transaksi nyangkut 4jt"
"msg_428","uang gw nyangkut 2jt tolong banget urgent"
"msg_395","AKUN KENA SUSPEND UANG DALEM NYA GIMANA"
"msg_445","akun di suspend tiba2 padahal baru top up 1jt"
"msg_169","udh 3 hari refund ga masuk2 brengsek"
"msg_219","cara cancel transaksi pending gimana"
"msg_351","  uang gw nyangkut 2jt tolong banget urgent  "
"msg_065","SALDO TIBA2 BERKURANG SENDIRI APLIKASI SAMPAH"
"msg_455","disappointed with the service lately"
"msg_522","min mau tanya limit gopaylater kok ga naik2 ya"
"msg_271","kalo mau upgrade limit harus gimana"
"msg_492","puas sih pake gopay selama ini lancar"
"msg_025","transaksi gagal tapi duit udh kepotong bangsat"
"msg_085","  udh 3 hari refund ga masuk2 brengsek  "
"msg_034","REFUND GW MANA KONTOL UDAH SEMINGGU....."
"msg_172","saldo ilang 500rb ga ada notif apa2 tolol"
"msg_500","kecewa banget sama pelayanan gopay"
"msg_540","fitur cicilan 0% masih ada ga min?"
"msg_210","bisa ga sih naikin limit gw"
"msg_199","anj nih gpey error mulu refund kapan masuk kontol"
"msg_145","top up gagal tapi rekening kepotong tai"
"msg_191","top up gagal tapi rekening kepotong tai"
"msg_187","saldo ilang 500rb ga ada notif apa2 tolol"
"msg_082","GOBLOK LU APLIKASI BANGSATT!!!!!!"
"msg_267","gopay sama ovo bagusan mana ya??????"
"msg_225","kalo mau upgrade limit harus gimana"
"msg_127","  transaksi gagal tapi duit udh kepotong bangsat  "
"msg_021","saldo tiba2 berkurang sendiri aplikasi sampah"
"msg_320","  cara cancel transaksi pending gimana  "
"msg_259","  limit transfer gopay berapa sih maksimal  "
"msg_435","urgent banget nih transaksi nyangkut 4jt"
"msg_176","  SALDO GW KEPOTONG ANJING!!!! REFUND KAPAN???  "
"msg_324","kalo mau upgrade limit harus gimana"
"msg_554","  ???  "
"msg_032","GOBLOK LU APLIKASI BANGSATT!!!!!!!!!!!"
"msg_399","tolong akun gw di banned ga bisa login urgent"
"msg_377","AKUN GW SUSPEND PADAHAL GA NGAPA2IN!!!"
"msg_244","fitur cicilan 0% masih ada ga min?"
"msg_165","top up gagal tapi rekening kepotong tai"
"msg_097","REFUND GW MANA KONTOL UDAH SEMINGGU"
"msg_231","fitur cicilan 0% masih ada ga min?"
"msg_371","uang gw nyangkut 2jt tolong banget urgent"
"msg_284","cara cancel transaksi pending gimana"
"msg_365","AKUN KENA SUSPEND UANG DALEM NYA GIMANA"
"msg_197","transaksi pending terus uang nyangkut bangsat"
"msg_298","limit transfer gopay berapa sih maksimal"
"msg_451","pelayanan mengecewakan sekali ‚ùì"
"msg_335","min request fitur split bill dong"
"msg_147","anj nih gpey error mulu refund kapan masuk kontol"
"msg_495","puas sih pake gopay selama ini lancar"
"msg_030","transaksi gagal tapi duit udh kepotong bangsat"
"msg_020","saldo ilang 500rb ga ada notif apa2 tolol"
"msg_232","bisa ga sih naikin limit gw"
"msg_237","bisa ga top up pake virtual account"
"msg_340","bisa ga sih naikin limit gw??????"
"msg_038","udh 3 hari refund ga masuk2 brengsek!!!!!"
"msg_506","REFUND GW MANA KONTOL UDAH SEMINGGU"
"msg_509","GOBLOK LU APLIKASI BANGSATT!!!!!!!!!!!"
"msg_533","kalo mau upgrade limit harus gimana"
"msg_141","GOBLOK LU APLIKASI BANGSATT!!!!!!"
"msg_156","SALDO GW KEPOTONG ANJING!!!! REFUND KAPAN???"
"msg_484","pelayanan mengecewakan sekali"
"msg_241","kalo mau upgrade limit harus gimana"
"msg_035","SALDO GW KEPOTONG ANJING!!!! REFUND KAPAN???!!!"
"msg_226","limit transfer gopay berapa sih maksimal"
"msg_078","udh 3 hari refund ga masuk2 brengsek"
"msg_162","GOBLOK LU APLIKASI BANGSATT!!!!!!"
"msg_166","GOBLOK LU APLIKASI BANGSATT!!!!!! üò°"
"msg_459","pelayanan mengecewakan sekali ü§¨"
"msg_230","  cara top up gopay gimana sih  "
"msg_297","kalo mau upgrade limit harus gimana"
"msg_289","bisa ga top up pake virtual account ü§¨"
"msg_238","min mau tanya limit gopaylater kok ga naik2 ya"
"msg_253","cara cancel transaksi pending gimana....."
"msg_091","top up gagal tapi rekening kepotong tai"
"msg_039","top up gagal tapi rekening kepotong tai"
"msg_079","REFUND GW MANA KONTOL UDAH SEMINGGU"
"msg_309","KALO MAU UPGRADE LIMIT HARUS GIMANA"
"msg_089","GOBLOK LU APLIKASI BANGSATT!!!!!!"
"msg_546","excuse me"
"msg_132","transaksi gagal tapi duit udh kepotong bangsat"
"msg_075","GOBLOK LU APLIKASI BANGSATT!!!!!!"
"msg_513","saldo ilang 500rb ga ada notif apa2 tolol"
"msg_121","SALDO GW KEPOTONG ANJING!!!! REFUND KAPAN???"
"msg_076","GOBLOK LU APLIKASI BANGSATT!!!!!!"
"msg_464","TOP UP CEPET BANGET MAKASIH GOPAY"
"msg_179","  REFUND GW MANA KONTOL UDAH SEMINGGU  "
"msg_100","transaksi gagal tapi duit udh kepotong bangsat"
"msg_334","cara cancel transaksi pending gimana üí¢"
"msg_449","  uang nyangkut 1.5jt transaksi gagal urgent min  "
"msg_358","  urgent banget nih transaksi nyangkut 4jt  "
"msg_453","so far so good pake gopay enak üí¢"
"msg_531","REFUND GW MANA KONTOL UDAH SEMINGGU"
"msg_367","AKUN KENA SUSPEND UANG DALEM NYA GIMANA"
"msg_087","GOBLOK LU APLIKASI BANGSATT!!!!!!"
"msg_171","top up gagal tapi rekening kepotong tai"
"msg_114","  SALDO GW KEPOTONG ANJING!!!! REFUND KAPAN???  "
"msg_538","udh 3 hari refund ga masuk2 brengsek"
"msg_466","terima kasih sudah membantu menyelesaikan masalah saya"
"msg_400","akun di suspend tiba2 padahal baru top up 1jt"
"msg_041","anj nih gpey error mulu refund kapan masuk kontol??????"
"msg_269","bisa ga sih naikin limit gw"
"msg_457","kecewa banget sama pelayanan gopay"
"msg_550","  excuse me, i wanna ask bout my tokped order  "
"msg_349","limit transfer gopay berapa sih maksimal???"
"msg_125","GOBLOK LU APLIKASI BANGSATT!!!!!! ü§¨"
"msg_055","  udh 3 hari refund ga masuk2 brengsek  "
"msg_440","AKUN KENA SUSPEND UANG DALEM NYA GIMANA....."
"msg_046","transaksi gagal tapi duit udh kepotong bangsat"
"msg_186","transaksi gagal tapi duit udh kepotong bangsat"
"msg_368","tolong akun gw di banned ga bisa login urgent"
"msg_430","uang gw nyangkut 2jt tolong banget urgent"
"msg_525","bisa ga sih naikin limit gw"
"msg_439","uang nyangkut 1.5jt transaksi gagal urgent min"
"msg_011","SALDO GW KEPOTONG ANJING!!!! REFUND KAPAN???"
"msg_362","urgent banget nih transaksi nyangkut 4jt"
"msg_489","  thanks min udh dibantu refund nya masuk  "
"msg_390","AKUN KENA SUSPEND UANG DALEM NYA GIMANA"
"msg_214","  cara cancel transaksi pending gimana  "
"msg_328","min mau tanya limit gopaylater kok ga naik2 ya??????"
"msg_208","bisa ga top up pake virtual account!!!!!"
"msg_491","thanks min udh dibantu refund nya masuk??????"
"msg_488","top up cepet banget makasih gopay"
"msg_512","top up gagal tapi rekening kepotong tai!!!!!"
"msg_161","anj nih gpey error mulu refund kapan masuk kontol"
"msg_040","  transaksi pending terus uang nyangkut bangsat  "
"msg_236","min request fitur split bill dong"
"msg_010","transaksi pending terus uang nyangkut bangsat"
"msg_224","fitur cicilan 0% masih ada ga min?"
"msg_022","udh 3 hari refund ga masuk2 brengsek"
"msg_204","  bisa ga sih naikin limit gw  "
"msg_037","transaksi gagal tapi duit udh kepotong bangsat??????"
"msg_182","REFUND GW MANA KONTOL UDAH SEMINGGU"
"msg_343","cara cancel transaksi pending gimana ü§¨"
"msg_287","limit transfer gopay berapa sih maksimal"
"msg_257","kalo mau upgrade limit harus gimana"
"msg_545","hello world"
"msg_361","transaksi 5jt pending udh 2 hari urgent banget"
"msg_273","  fitur cicilan 0% masih ada ga min?  "
"msg_195","saldo tiba2 berkurang sendiri aplikasi sampah"
"msg_067","saldo ilang 500rb ga ada notif apa2 tolol???"
"msg_090","top up gagal tapi rekening kepotong tai!!!"
"msg_412","tolong akun gw di banned ga bisa login urgent"
"msg_450","tolong akun gw di banned ga bisa login urgent"
"msg_255","gopay sama ovo bagusan mana ya"
"msg_397","AKUN KENA SUSPEND UANG DALEM NYA GIMANA"
"msg_519","cara cancel transaksi pending gimana"
"msg_168","transaksi pending terus uang nyangkut bangsat!!!!!"
"msg_149","REFUND GW MANA KONTOL UDAH SEMINGGU"
"msg_131","anj nih gpey error mulu refund kapan masuk kontol"
"msg_071","REFUND GW MANA KONTOL UDAH SEMINGGU"
"msg_485","terima kasih sudah membantu menyelesaikan masalah saya"
"msg_505","pelayanan mengecewakan sekali"
"msg_155","SALDO GW KEPOTONG ANJING!!!! REFUND KAPAN???"
"msg_105","transaksi pending terus uang nyangkut bangsat!!!!!"
"msg_542","  excuse me, i wanna ask bout my tokped order  "
"msg_029","GOBLOK LU APLIKASI BANGSATT!!!!!!"
"msg_307","gopay sama ovo bagusan mana ya"
"msg_203","fitur cicilan 0% masih ada ga min?"
"msg_113","SALDO GW KEPOTONG ANJING!!!! REFUND KAPAN???"
"msg_024","GOBLOK LU APLIKASI BANGSATT!!!!!!"
"msg_158","transaksi gagal tapi duit udh kepotong bangsat"
"msg_342","cara cancel transaksi pending gimana"
"msg_270","cara top up gopay gimana sih"
"msg_250","min request fitur split bill dong"
"msg_304","fitur cicilan 0% masih ada ga min?"
"msg_537","saldo tiba2 berkurang sendiri aplikasi sampah"
"msg_539","AKUN KENA SUSPEND UANG DALEM NYA GIMANA"
"msg_146","  SALDO GW KEPOTONG ANJING!!!! REFUND KAPAN???  "
"msg_057","saldo ilang 500rb ga ada notif apa2 tolol"
"msg_551","???"
"msg_177","top up gagal tapi rekening kepotong tai"
"msg_494","terima kasih sudah membantu menyelesaikan masalah saya"
"msg_263","bisa ga top up pake virtual account???"
"msg_431","akun di suspend tiba2 padahal baru top up 1jt"
"msg_448","transaksi 5jt pending udh 2 hari urgent banget"
"msg_536","transaksi pending terus uang nyangkut bangsat"
"msg_213","fitur cicilan 0% masih ada ga min???????"
"msg_474","puas sih pake gopay selama ini lancar"
"msg_311","bisa ga sih naikin limit gw!!!!!"
"msg_249","bisa ga top up pake virtual account"
"msg_218","limit transfer gopay berapa sih maksimal"
"msg_339","kalo mau upgrade limit harus gimana"
"msg_227","fitur cicilan 0% masih ada ga min? üò°"
"msg_469","top up cepet banget makasih gopay"
"msg_042","REFUND GW MANA KONTOL UDAH SEMINGGU üí¢"
"msg_481","top up cepet banget makasih gopay"
"msg_026","transaksi gagal tapi duit udh kepotong bangsat"
"msg_317","  limit transfer gopay berapa sih maksimal  "
"msg_387","  tolong akun gw di banned ga bisa login urgent  "
"msg_523","REFUND GW MANA KONTOL UDAH SEMINGGU"
"msg_504","  gopay sama ovo bagusan mana ya  "
"msg_027","transaksi pending terus uang nyangkut bangsat"
"msg_044","top up gagal tapi rekening kepotong tai"
"msg_306","cara cancel transaksi pending gimana"
"msg_291","fitur cicilan 0% masih ada ga min?"
"msg_398","akun di suspend tiba2 padahal baru top up 1jt"
"msg_167","top up gagal tapi rekening kepotong tai"
"msg_370","UANG NYANGKUT 1.5JT TRANSAKSI GAGAL URGENT MIN"
"msg_510","  bisa ga sih naikin limit gw  "
"msg_190","top up gagal tapi rekening kepotong tai"
"msg_081","SALDO GW KEPOTONG ANJING!!!! REFUND KAPAN???"
"msg_175","saldo ilang 500rb ga ada notif apa2 tolol....."
"msg_233","cara top up gopay gimana sih"
"msg_215","fitur cicilan 0% masih ada ga min?"
"msg_193","saldo ilang 500rb ga ada notif apa2 tolol"
"msg_111","GOBLOK LU APLIKASI BANGSATT!!!!!!"
"msg_272","min request fitur split bill dong"
"msg_383","akun di suspend tiba2 padahal baru top up 1jt"
"msg_047","transaksi gagal tapi duit udh kepotong bangsat???"
"msg_016","udh 3 hari refund ga masuk2 brengsek"
"msg_325","  cara cancel transaksi pending gimana  "
"msg_380","urgent banget nih transaksi nyangkut 4jt"
"msg_073","REFUND GW MANA KONTOL UDAH SEMINGGU??????"
"msg_036","udh 3 hari refund ga masuk2 brengsek"
"msg_206","bisa ga top up pake virtual account"
"msg_475","kecewa banget sama pelayanan gopay"
"msg_290","cara top up gopay gimana sih ‚ÅâÔ∏è"
"msg_074","saldo tiba2 berkurang sendiri aplikasi sampah"
"msg_446","tolong akun gw di banned ga bisa login urgent"
"msg_470","disappointed with the service lately"
"msg_004","  REFUND GW MANA KONTOL UDAH SEMINGGU  "
"msg_498","  top up cepet banget makasih gopay  "
"msg_174","REFUND GW MANA KONTOL UDAH SEMINGGU"
"msg_159","REFUND GW MANA KONTOL UDAH SEMINGGU"
"msg_493","aplikasi sering error kecewa bgt"
"msg_360","urgent banget nih transaksi nyangkut 4jt üò°"
"msg_140","saldo tiba2 berkurang sendiri aplikasi sampah....."
"msg_093","SALDO GW KEPOTONG ANJING!!!! REFUND KAPAN???"
"msg_015","  top up gagal tapi rekening kepotong tai  "
"msg_137","REFUND GW MANA KONTOL UDAH SEMINGGU üò°"
"msg_356","akun di suspend tiba2 padahal baru top up 1jt"
"msg_425","AKUN GW SUSPEND PADAHAL GA NGAPA2IN!!!"
"msg_503","  REFUND GW MANA KONTOL UDAH SEMINGGU  "
"msg_476","so far so good pake gopay enak"
"msg_312","kalo mau upgrade limit harus gimana"
"msg_014","  udh 3 hari refund ga masuk2 brengsek  "
"msg_286","kalo mau upgrade limit harus gimana"
"msg_330","  fitur cicilan 0% masih ada ga min?  "
"msg_346","fitur cicilan 0% masih ada ga min?"
"msg_315","kalo mau upgrade limit harus gimana???"
"msg_319","limit transfer gopay berapa sih maksimal ü§¨"
"msg_420","akun di suspend tiba2 padahal baru top up 1jt"
"msg_393","uang nyangkut 1.5jt transaksi gagal urgent min"
"msg_288","cara cancel transaksi pending gimana"
"msg_497","pelayanan mengecewakan sekali"
"msg_220","limit transfer gopay berapa sih maksimal"
"msg_414","  AKUN GW SUSPEND PADAHAL GA NGAPA2IN!!!  "
"msg_116","REFUND GW MANA KONTOL UDAH SEMINGGU??????"
"msg_294","gopay sama ovo bagusan mana ya???"
"msg_143","saldo ilang 500rb ga ada notif apa2 tolol"
"msg_552","mau tanya dong"
"msg_059","transaksi gagal tapi duit udh kepotong bangsat"
"msg_189","  REFUND GW MANA KONTOL UDAH SEMINGGU  "
"msg_285","min request fitur split bill dong??????"
"msg_433","URGENT!!! saldo 3jt ga bisa dipake akun error"
"msg_180","saldo tiba2 berkurang sendiri aplikasi sampah!!!"
"msg_056","top up gagal tapi rekening kepotong tai!!!"
"msg_514","terima kasih sudah membantu menyelesaikan masalah saya"
"msg_115","transaksi pending terus uang nyangkut bangsat"
"msg_247","min request fitur split bill dong"
"msg_337","cara top up gopay gimana sih"
"msg_080","GOBLOK LU APLIKASI BANGSATT!!!!!!....."
"msg_109","REFUND GW MANA KONTOL UDAH SEMINGGU"
"msg_260","gopay sama ovo bagusan mana ya!!!"
"msg_296","gopay sama ovo bagusan mana ya üí¢"
"msg_054","REFUND GW MANA KONTOL UDAH SEMINGGU"
"msg_181","  top up gagal tapi rekening kepotong tai  "
"msg_160","top up gagal tapi rekening kepotong tai"
"msg_308","limit transfer gopay berapa sih maksimal"
"msg_295","gopay sama ovo bagusan mana ya"
"msg_053","transaksi gagal tapi duit udh kepotong bangsat"
"msg_434","AKUN KENA SUSPEND UANG DALEM NYA GIMANA!!!!!"
"msg_363","AKUN GW SUSPEND PADAHAL GA NGAPA2IN!!!"
"msg_421","uang gw nyangkut 2jt tolong banget urgent"
"msg_126","saldo ilang 500rb ga ada notif apa2 tolol"
"msg_338","fitur cicilan 0% masih ada ga min?"
"msg_062","anj nih gpey error mulu refund kapan masuk kontol"
"msg_134","REFUND GW MANA KONTOL UDAH SEMINGGU"
"msg_382","transaksi 5jt pending udh 2 hari urgent banget ü§¨"
"msg_099","GOBLOK LU APLIKASI BANGSATT!!!!!!"
"msg_443","AKUN SUSPEND TANPA ALASAN JELAS TOLONG!!!!!!!!"
"msg_096","transaksi gagal tapi duit udh kepotong bangsat???"
"msg_088","saldo tiba2 berkurang sendiri aplikasi sampah"
"msg_094","  transaksi gagal tapi duit udh kepotong bangsat  "
"msg_069","transaksi gagal tapi duit udh kepotong bangsat"
"msg_486","thanks min udh dibantu refund nya masuk"
"msg_157","GOBLOK LU APLIKASI BANGSATT!!!!!!"
"msg_384","  uang nyangkut 1.5jt transaksi gagal urgent min  "
"msg_262","fitur cicilan 0% masih ada ga min?!!!"
"msg_534","  REFUND GW MANA KONTOL UDAH SEMINGGU  "
"msg_438","urgent banget nih transaksi nyangkut 4jt"
"msg_321","min mau tanya limit gopaylater kok ga naik2 ya"
"msg_098","top up gagal tapi rekening kepotong tai!!!!!"
"msg_426","transaksi 5jt pending udh 2 hari urgent banget"
"msg_409","transaksi 5jt pending udh 2 hari urgent banget"
"msg_549","................................"
"msg_348","fitur cicilan 0% masih ada ga min?"
"msg_424","uang nyangkut 1.5jt transaksi gagal urgent min"
"msg_234","gopay sama ovo bagusan mana ya"
"msg_463","  puas sih pake gopay selama ini lancar  "
"msg_547","ada yang bisa bantu ga"
"msg_221","limit transfer gopay berapa sih maksimal"
"msg_118","transaksi gagal tapi duit udh kepotong bangsat"
"msg_102","REFUND GW MANA KONTOL UDAH SEMINGGU"
"msg_441","uang nyangkut 1.5jt transaksi gagal urgent min üò°"
"msg_518","SALDO GW KEPOTONG ANJING!!!! REFUND KAPAN???"
"msg_465","  kecewa banget sama pelayanan gopay  "
"msg_302","cara cancel transaksi pending gimana"
"msg_544","excuse me"
"msg_391","akun di suspend tiba2 padahal baru top up 1jt"
"msg_333","min request fitur split bill dong"
"msg_282","cara top up gopay gimana sih"
"msg_130","GOBLOK LU APLIKASI BANGSATT!!!!!!"
